total_seqtk_reads,sampled_cells,validation_error,total_UMIs,estimated_reads,estimated_UMIs,reads_per_cell,UMIs_per_cell,duplication_rate,dataset
5000000,500,2627.2,1958481,1865671,730776,3731,1461,2.55,neuron_1k_v3
5000000,707,1472.0,1958481,2638059,1033317,3731,1461,2.55,neuron_1k_v3
5000000,707,1442.9,1958481,2638059,1033317,3731,1461,2.55,neuron_1k_v3
5000000,707,1439.4,1958481,2638059,1033317,3731,1461,2.55,neuron_1k_v3
5000000,707,1445.9,1958481,2638059,1033317,3731,1461,2.55,neuron_1k_v3
5000000,707,1416.6,1958481,2638059,1033317,3731,1461,2.55,neuron_1k_v3
5000000,707,1237.8,1958481,2638059,1033317,3731,1461,2.55,neuron_1k_v3
5000000,707,1288.7,1958481,2638059,1033317,3731,1461,2.55,neuron_1k_v3
5000000,707,1226.2,1958481,2638059,1033317,3731,1461,2.55,neuron_1k_v3
5000000,707,1122.7,1958481,2638059,1033317,3731,1461,2.55,neuron_1k_v3
5000000,500,1217.0,1958481,1865671,730776,3731,1461,2.55,neuron_1k_v3
5000000,707,1394.4,1958481,2638059,1033317,3731,1461,2.55,neuron_1k_v3
5000000,707,1284.4,1958481,2638059,1033317,3731,1461,2.55,neuron_1k_v3
5000000,707,1204.5,1958481,2638059,1033317,3731,1461,2.55,neuron_1k_v3
5000000,707,1529.9,1958481,2638059,1033317,3731,1461,2.55,neuron_1k_v3
5000000,707,1554.3,1958481,2638059,1033317,3731,1461,2.55,neuron_1k_v3
5000000,707,1776.8,1958481,2638059,1033317,3731,1461,2.55,neuron_1k_v3
5000000,707,1483.0,1958481,2638059,1033317,3731,1461,2.55,neuron_1k_v3
5000000,707,1156.2,1958481,2638059,1033317,3731,1461,2.55,neuron_1k_v3
5000000,999,1734.6,1958481,3727611,1460091,3731,1461,2.55,neuron_1k_v3
5000000,999,2454.6,1958481,3727611,1460091,3731,1461,2.55,neuron_1k_v3
5000000,999,1453.9,1958481,3727611,1460091,3731,1461,2.55,neuron_1k_v3
5000000,999,1363.2,1958481,3727611,1460091,3731,1461,2.55,neuron_1k_v3
5000000,999,1932.9,1958481,3727611,1460091,3731,1461,2.55,neuron_1k_v3
5000000,999,1417.8,1958481,3727611,1460091,3731,1461,2.55,neuron_1k_v3
5000000,999,1210.4,1958481,3727611,1460091,3731,1461,2.55,neuron_1k_v3
5000000,999,1328.6,1958481,3727611,1460091,3731,1461,2.55,neuron_1k_v3
5000000,999,1265.4,1958481,3727611,1460091,3731,1461,2.55,neuron_1k_v3
5000000,999,844.7,1958481,3727611,1460091,3731,1461,2.55,neuron_1k_v3
5000000,999,952.6,1958481,3727611,1460091,3731,1461,2.55,neuron_1k_v3
5000000,999,1257.9,1958481,3727611,1460091,3731,1461,2.55,neuron_1k_v3
5000000,999,1433.9,1958481,3727611,1460091,3731,1461,2.55,neuron_1k_v3
5000000,707,1354.8,1958481,2638059,1033317,3731,1461,2.55,neuron_1k_v3
5000000,707,2199.5,1958481,2638059,1033317,3731,1461,2.55,neuron_1k_v3
5000000,707,1362.0,1958481,2638059,1033317,3731,1461,2.55,neuron_1k_v3
5000000,999,1224.1,1958481,3727611,1460091,3731,1461,2.55,neuron_1k_v3
5000000,707,1838.7,1958481,2638059,1033317,3731,1461,2.55,neuron_1k_v3
5000000,707,1086.9,1958481,2638059,1033317,3731,1461,2.55,neuron_1k_v3
5000000,500,1562.7,1958481,1865671,730776,3731,1461,2.55,neuron_1k_v3
5000000,500,2078.4,1958481,1865671,730776,3731,1461,2.55,neuron_1k_v3
5000000,500,2737.6,1958481,1865671,730776,3731,1461,2.55,neuron_1k_v3
5000000,500,1333.8,1958481,1865671,730776,3731,1461,2.55,neuron_1k_v3
5000000,500,1710.6,1958481,1865671,730776,3731,1461,2.55,neuron_1k_v3
5000000,500,1562.6,1958481,1865671,730776,3731,1461,2.55,neuron_1k_v3
5000000,500,1803.3,1958481,1865671,730776,3731,1461,2.55,neuron_1k_v3
5000000,500,893.0,1958481,1865671,730776,3731,1461,2.55,neuron_1k_v3
5000000,500,1227.8,1958481,1865671,730776,3731,1461,2.55,neuron_1k_v3
5000000,500,2287.5,1958481,1865671,730776,3731,1461,2.55,neuron_1k_v3
5000000,500,1451.7,1958481,1865671,730776,3731,1461,2.55,neuron_1k_v3
5000000,500,1189.5,1958481,1865671,730776,3731,1461,2.55,neuron_1k_v3
5000000,500,1715.5,1958481,1865671,730776,3731,1461,2.55,neuron_1k_v3
5000000,500,1734.5,1958481,1865671,730776,3731,1461,2.55,neuron_1k_v3
5000000,500,1004.6,1958481,1865671,730776,3731,1461,2.55,neuron_1k_v3
5000000,500,2686.0,1958481,1865671,730776,3731,1461,2.55,neuron_1k_v3
5000000,500,1652.9,1958481,1865671,730776,3731,1461,2.55,neuron_1k_v3
5000000,500,1538.5,1958481,1865671,730776,3731,1461,2.55,neuron_1k_v3
5000000,707,1700.3,1958481,2638059,1033317,3731,1461,2.55,neuron_1k_v3
5000000,707,1203.8,1958481,2638059,1033317,3731,1461,2.55,neuron_1k_v3
5000000,707,1666.9,1958481,2638059,1033317,3731,1461,2.55,neuron_1k_v3
5000000,707,2021.3,1958481,2638059,1033317,3731,1461,2.55,neuron_1k_v3
5000000,707,1614.6,1958481,2638059,1033317,3731,1461,2.55,neuron_1k_v3
5000000,707,1177.6,1958481,2638059,1033317,3731,1461,2.55,neuron_1k_v3
5000000,500,799.5,1958481,1865671,730776,3731,1461,2.55,neuron_1k_v3
5000000,500,1760.4,1958481,1865671,730776,3731,1461,2.55,neuron_1k_v3
5000000,500,1702.8,1958481,1865671,730776,3731,1461,2.55,neuron_1k_v3
5000000,500,1469.3,1958481,1865671,730776,3731,1461,2.55,neuron_1k_v3
5000000,500,1371.9,1958481,1865671,730776,3731,1461,2.55,neuron_1k_v3
5000000,500,2028.8,1958481,1865671,730776,3731,1461,2.55,neuron_1k_v3
5000000,500,1997.9,1958481,1865671,730776,3731,1461,2.55,neuron_1k_v3
5000000,500,2678.2,1958481,1865671,730776,3731,1461,2.55,neuron_1k_v3
5000000,500,1089.0,1958481,1865671,730776,3731,1461,2.55,neuron_1k_v3
5000000,707,1203.4,1958481,2638059,1033317,3731,1461,2.55,neuron_1k_v3
5000000,999,1237.3,1958481,3727611,1460091,3731,1461,2.55,neuron_1k_v3
5000000,707,1296.4,1958481,2638059,1033317,3731,1461,2.55,neuron_1k_v3
5000000,999,1256.8,1958481,3727611,1460091,3731,1461,2.55,neuron_1k_v3
5000000,999,1325.7,1958481,3727611,1460091,3731,1461,2.55,neuron_1k_v3
5000000,999,1221.2,1958481,3727611,1460091,3731,1461,2.55,neuron_1k_v3
5000000,999,1119.1,1958481,3727611,1460091,3731,1461,2.55,neuron_1k_v3
5000000,999,1267.6,1958481,3727611,1460091,3731,1461,2.55,neuron_1k_v3
5000000,999,1566.6,1958481,3727611,1460091,3731,1461,2.55,neuron_1k_v3
5000000,999,1024.7,1958481,3727611,1460091,3731,1461,2.55,neuron_1k_v3
5000000,999,1533.6,1958481,3727611,1460091,3731,1461,2.55,neuron_1k_v3
5000000,500,1618.5,1958481,1865671,730776,3731,1461,2.55,neuron_1k_v3
5000000,999,817.5,1958481,3727611,1460091,3731,1461,2.55,neuron_1k_v3
5000000,999,1432.0,1958481,3727611,1460091,3731,1461,2.55,neuron_1k_v3
5000000,999,1341.5,1958481,3727611,1460091,3731,1461,2.55,neuron_1k_v3
5000000,999,1488.1,1958481,3727611,1460091,3731,1461,2.55,neuron_1k_v3
5000000,999,1184.6,1958481,3727611,1460091,3731,1461,2.55,neuron_1k_v3
5000000,999,1643.1,1958481,3727611,1460091,3731,1461,2.55,neuron_1k_v3
5000000,999,931.5,1958481,3727611,1460091,3731,1461,2.55,neuron_1k_v3
7071068,707,1458.8,2681772,3730779,1414934,5276,2001,2.64,neuron_1k_v3
7071068,707,1027.1,2681772,3730779,1414934,5276,2001,2.64,neuron_1k_v3
7071068,707,1506.9,2681772,3730779,1414934,5276,2001,2.64,neuron_1k_v3
7071068,707,1634.9,2681772,3730779,1414934,5276,2001,2.64,neuron_1k_v3
7071068,707,1243.9,2681772,3730779,1414934,5276,2001,2.64,neuron_1k_v3
7071068,707,1071.4,2681772,3730779,1414934,5276,2001,2.64,neuron_1k_v3
7071068,707,984.3,2681772,3730779,1414934,5276,2001,2.64,neuron_1k_v3
7071068,707,1385.6,2681772,3730779,1414934,5276,2001,2.64,neuron_1k_v3
7071068,707,1135.3,2681772,3730779,1414934,5276,2001,2.64,neuron_1k_v3
7071068,707,1424.1,2681772,3730779,1414934,5276,2001,2.64,neuron_1k_v3
7071068,707,1388.9,2681772,3730779,1414934,5276,2001,2.64,neuron_1k_v3
7071068,707,1343.1,2681772,3730779,1414934,5276,2001,2.64,neuron_1k_v3
7071068,707,1652.7,2681772,3730779,1414934,5276,2001,2.64,neuron_1k_v3
7071068,707,1360.1,2681772,3730779,1414934,5276,2001,2.64,neuron_1k_v3
7071068,707,1569.4,2681772,3730779,1414934,5276,2001,2.64,neuron_1k_v3
7071068,707,1095.6,2681772,3730779,1414934,5276,2001,2.64,neuron_1k_v3
7071068,707,887.1,2681772,3730779,1414934,5276,2001,2.64,neuron_1k_v3
7071068,707,1616.8,2681772,3730779,1414934,5276,2001,2.64,neuron_1k_v3
7071068,707,1223.1,2681772,3730779,1414934,5276,2001,2.64,neuron_1k_v3
7071068,707,890.0,2681772,3730779,1414934,5276,2001,2.64,neuron_1k_v3
7071068,707,1338.5,2681772,3730779,1414934,5276,2001,2.64,neuron_1k_v3
7071068,707,1298.3,2681772,3730779,1414934,5276,2001,2.64,neuron_1k_v3
7071068,707,983.3,2681772,3730779,1414934,5276,2001,2.64,neuron_1k_v3
7071068,707,1547.7,2681772,3730779,1414934,5276,2001,2.64,neuron_1k_v3
7071068,707,1354.4,2681772,3730779,1414934,5276,2001,2.64,neuron_1k_v3
7071068,707,936.5,2681772,3730779,1414934,5276,2001,2.64,neuron_1k_v3
7071068,707,1428.3,2681772,3730779,1414934,5276,2001,2.64,neuron_1k_v3
7071068,707,1457.0,2681772,3730779,1414934,5276,2001,2.64,neuron_1k_v3
7071068,707,998.9,2681772,3730779,1414934,5276,2001,2.64,neuron_1k_v3
7071068,999,1330.3,2681772,5271639,1999321,5276,2001,2.64,neuron_1k_v3
7071068,999,1027.2,2681772,5271639,1999321,5276,2001,2.64,neuron_1k_v3
7071068,999,1208.1,2681772,5271639,1999321,5276,2001,2.64,neuron_1k_v3
7071068,999,1563.6,2681772,5271639,1999321,5276,2001,2.64,neuron_1k_v3
7071068,999,1100.0,2681772,5271639,1999321,5276,2001,2.64,neuron_1k_v3
7071068,999,1147.4,2681772,5271639,1999321,5276,2001,2.64,neuron_1k_v3
7071068,999,1479.7,2681772,5271639,1999321,5276,2001,2.64,neuron_1k_v3
7071068,999,1191.9,2681772,5271639,1999321,5276,2001,2.64,neuron_1k_v3
7071068,999,1134.4,2681772,5271639,1999321,5276,2001,2.64,neuron_1k_v3
7071068,999,858.2,2681772,5271639,1999321,5276,2001,2.64,neuron_1k_v3
7071068,999,1721.3,2681772,5271639,1999321,5276,2001,2.64,neuron_1k_v3
7071068,999,867.9,2681772,5271639,1999321,5276,2001,2.64,neuron_1k_v3
7071068,999,981.5,2681772,5271639,1999321,5276,2001,2.64,neuron_1k_v3
7071068,999,1016.4,2681772,5271639,1999321,5276,2001,2.64,neuron_1k_v3
7071068,999,1129.4,2681772,5271639,1999321,5276,2001,2.64,neuron_1k_v3
7071068,999,1941.1,2681772,5271639,1999321,5276,2001,2.64,neuron_1k_v3
7071068,999,944.7,2681772,5271639,1999321,5276,2001,2.64,neuron_1k_v3
7071068,999,849.1,2681772,5271639,1999321,5276,2001,2.64,neuron_1k_v3
7071068,999,1304.8,2681772,5271639,1999321,5276,2001,2.64,neuron_1k_v3
7071068,999,870.0,2681772,5271639,1999321,5276,2001,2.64,neuron_1k_v3
7071068,999,895.2,2681772,5271639,1999321,5276,2001,2.64,neuron_1k_v3
7071068,999,1013.6,2681772,5271639,1999321,5276,2001,2.64,neuron_1k_v3
7071068,999,767.8,2681772,5271639,1999321,5276,2001,2.64,neuron_1k_v3
7071068,999,1170.6,2681772,5271639,1999321,5276,2001,2.64,neuron_1k_v3
7071068,999,1200.2,2681772,5271639,1999321,5276,2001,2.64,neuron_1k_v3
7071068,999,1309.7,2681772,5271639,1999321,5276,2001,2.64,neuron_1k_v3
7071068,999,1683.2,2681772,5271639,1999321,5276,2001,2.64,neuron_1k_v3
7071068,707,1673.6,2681772,3730779,1414934,5276,2001,2.64,neuron_1k_v3
7071068,999,1083.1,2681772,5271639,1999321,5276,2001,2.64,neuron_1k_v3
7071068,500,1708.2,2681772,2638458,1000661,5276,2001,2.64,neuron_1k_v3
7071068,500,1458.9,2681772,2638458,1000661,5276,2001,2.64,neuron_1k_v3
7071068,999,1083.9,2681772,5271639,1999321,5276,2001,2.64,neuron_1k_v3
7071068,999,1208.3,2681772,5271639,1999321,5276,2001,2.64,neuron_1k_v3
7071068,500,1049.5,2681772,2638458,1000661,5276,2001,2.64,neuron_1k_v3
7071068,500,1177.2,2681772,2638458,1000661,5276,2001,2.64,neuron_1k_v3
7071068,500,1525.3,2681772,2638458,1000661,5276,2001,2.64,neuron_1k_v3
7071068,500,1570.8,2681772,2638458,1000661,5276,2001,2.64,neuron_1k_v3
7071068,500,1093.4,2681772,2638458,1000661,5276,2001,2.64,neuron_1k_v3
7071068,500,2014.0,2681772,2638458,1000661,5276,2001,2.64,neuron_1k_v3
7071068,500,1836.0,2681772,2638458,1000661,5276,2001,2.64,neuron_1k_v3
7071068,500,1783.4,2681772,2638458,1000661,5276,2001,2.64,neuron_1k_v3
7071068,500,1765.9,2681772,2638458,1000661,5276,2001,2.64,neuron_1k_v3
7071068,500,1508.9,2681772,2638458,1000661,5276,2001,2.64,neuron_1k_v3
7071068,500,1405.0,2681772,2638458,1000661,5276,2001,2.64,neuron_1k_v3
7071068,500,1319.7,2681772,2638458,1000661,5276,2001,2.64,neuron_1k_v3
7071068,500,1378.4,2681772,2638458,1000661,5276,2001,2.64,neuron_1k_v3
7071068,500,1199.8,2681772,2638458,1000661,5276,2001,2.64,neuron_1k_v3
7071068,500,2154.4,2681772,2638458,1000661,5276,2001,2.64,neuron_1k_v3
7071068,500,1697.0,2681772,2638458,1000661,5276,2001,2.64,neuron_1k_v3
7071068,500,1787.2,2681772,2638458,1000661,5276,2001,2.64,neuron_1k_v3
7071068,500,1561.1,2681772,2638458,1000661,5276,2001,2.64,neuron_1k_v3
7071068,500,1286.7,2681772,2638458,1000661,5276,2001,2.64,neuron_1k_v3
7071068,500,1454.1,2681772,2638458,1000661,5276,2001,2.64,neuron_1k_v3
7071068,500,1192.6,2681772,2638458,1000661,5276,2001,2.64,neuron_1k_v3
7071068,500,1364.9,2681772,2638458,1000661,5276,2001,2.64,neuron_1k_v3
7071068,500,1569.9,2681772,2638458,1000661,5276,2001,2.64,neuron_1k_v3
7071068,500,863.5,2681772,2638458,1000661,5276,2001,2.64,neuron_1k_v3
7071068,500,1445.4,2681772,2638458,1000661,5276,2001,2.64,neuron_1k_v3
7071068,500,2004.4,2681772,2638458,1000661,5276,2001,2.64,neuron_1k_v3
7071068,500,1737.1,2681772,2638458,1000661,5276,2001,2.64,neuron_1k_v3
7071068,500,787.3,2681772,2638458,1000661,5276,2001,2.64,neuron_1k_v3
10000000,707,928.8,3629941,5276119,1915200,7462,2708,2.75,neuron_1k_v3
10000000,707,1083.1,3629941,5276119,1915200,7462,2708,2.75,neuron_1k_v3
10000000,707,772.6,3629941,5276119,1915200,7462,2708,2.75,neuron_1k_v3
10000000,707,1543.3,3629941,5276119,1915200,7462,2708,2.75,neuron_1k_v3
10000000,707,1411.2,3629941,5276119,1915200,7462,2708,2.75,neuron_1k_v3
10000000,707,836.5,3629941,5276119,1915200,7462,2708,2.75,neuron_1k_v3
10000000,707,1355.9,3629941,5276119,1915200,7462,2708,2.75,neuron_1k_v3
10000000,707,1035.3,3629941,5276119,1915200,7462,2708,2.75,neuron_1k_v3
10000000,707,927.8,3629941,5276119,1915200,7462,2708,2.75,neuron_1k_v3
10000000,707,724.5,3629941,5276119,1915200,7462,2708,2.75,neuron_1k_v3
10000000,707,1430.3,3629941,5276119,1915200,7462,2708,2.75,neuron_1k_v3
10000000,707,800.7,3629941,5276119,1915200,7462,2708,2.75,neuron_1k_v3
10000000,707,1334.9,3629941,5276119,1915200,7462,2708,2.75,neuron_1k_v3
10000000,707,1103.6,3629941,5276119,1915200,7462,2708,2.75,neuron_1k_v3
10000000,707,1168.6,3629941,5276119,1915200,7462,2708,2.75,neuron_1k_v3
10000000,707,1193.7,3629941,5276119,1915200,7462,2708,2.75,neuron_1k_v3
10000000,707,960.2,3629941,5276119,1915200,7462,2708,2.75,neuron_1k_v3
10000000,707,1583.3,3629941,5276119,1915200,7462,2708,2.75,neuron_1k_v3
10000000,707,925.4,3629941,5276119,1915200,7462,2708,2.75,neuron_1k_v3
10000000,707,1438.7,3629941,5276119,1915200,7462,2708,2.75,neuron_1k_v3
10000000,707,989.7,3629941,5276119,1915200,7462,2708,2.75,neuron_1k_v3
10000000,707,952.2,3629941,5276119,1915200,7462,2708,2.75,neuron_1k_v3
10000000,707,1142.4,3629941,5276119,1915200,7462,2708,2.75,neuron_1k_v3
10000000,707,1214.2,3629941,5276119,1915200,7462,2708,2.75,neuron_1k_v3
10000000,707,1814.3,3629941,5276119,1915200,7462,2708,2.75,neuron_1k_v3
10000000,707,920.3,3629941,5276119,1915200,7462,2708,2.75,neuron_1k_v3
10000000,707,1329.1,3629941,5276119,1915200,7462,2708,2.75,neuron_1k_v3
10000000,707,858.2,3629941,5276119,1915200,7462,2708,2.75,neuron_1k_v3
10000000,707,1507.1,3629941,5276119,1915200,7462,2708,2.75,neuron_1k_v3
10000000,707,1515.8,3629941,5276119,1915200,7462,2708,2.75,neuron_1k_v3
10000000,999,891.5,3629941,7455223,2706202,7462,2708,2.75,neuron_1k_v3
10000000,500,945.3,3629941,3731343,1354455,7462,2708,2.75,neuron_1k_v3
10000000,500,1462.2,3629941,3731343,1354455,7462,2708,2.75,neuron_1k_v3
10000000,500,1305.5,3629941,3731343,1354455,7462,2708,2.75,neuron_1k_v3
10000000,500,1379.6,3629941,3731343,1354455,7462,2708,2.75,neuron_1k_v3
10000000,500,1391.2,3629941,3731343,1354455,7462,2708,2.75,neuron_1k_v3
10000000,500,1628.7,3629941,3731343,1354455,7462,2708,2.75,neuron_1k_v3
10000000,500,1339.0,3629941,3731343,1354455,7462,2708,2.75,neuron_1k_v3
10000000,500,1404.8,3629941,3731343,1354455,7462,2708,2.75,neuron_1k_v3
10000000,500,1488.1,3629941,3731343,1354455,7462,2708,2.75,neuron_1k_v3
10000000,500,1000.8,3629941,3731343,1354455,7462,2708,2.75,neuron_1k_v3
10000000,500,1211.9,3629941,3731343,1354455,7462,2708,2.75,neuron_1k_v3
10000000,500,1793.9,3629941,3731343,1354455,7462,2708,2.75,neuron_1k_v3
10000000,500,1418.4,3629941,3731343,1354455,7462,2708,2.75,neuron_1k_v3
10000000,500,1346.4,3629941,3731343,1354455,7462,2708,2.75,neuron_1k_v3
10000000,500,1369.3,3629941,3731343,1354455,7462,2708,2.75,neuron_1k_v3
10000000,500,1403.2,3629941,3731343,1354455,7462,2708,2.75,neuron_1k_v3
10000000,500,1960.4,3629941,3731343,1354455,7462,2708,2.75,neuron_1k_v3
10000000,500,1496.7,3629941,3731343,1354455,7462,2708,2.75,neuron_1k_v3
10000000,500,848.0,3629941,3731343,1354455,7462,2708,2.75,neuron_1k_v3
10000000,500,1273.0,3629941,3731343,1354455,7462,2708,2.75,neuron_1k_v3
10000000,500,932.2,3629941,3731343,1354455,7462,2708,2.75,neuron_1k_v3
10000000,500,1323.9,3629941,3731343,1354455,7462,2708,2.75,neuron_1k_v3
10000000,500,2183.5,3629941,3731343,1354455,7462,2708,2.75,neuron_1k_v3
10000000,500,833.5,3629941,3731343,1354455,7462,2708,2.75,neuron_1k_v3
10000000,500,1099.7,3629941,3731343,1354455,7462,2708,2.75,neuron_1k_v3
10000000,500,1236.7,3629941,3731343,1354455,7462,2708,2.75,neuron_1k_v3
10000000,500,873.2,3629941,3731343,1354455,7462,2708,2.75,neuron_1k_v3
10000000,500,1142.0,3629941,3731343,1354455,7462,2708,2.75,neuron_1k_v3
10000000,500,1608.8,3629941,3731343,1354455,7462,2708,2.75,neuron_1k_v3
10000000,500,1277.6,3629941,3731343,1354455,7462,2708,2.75,neuron_1k_v3
10000000,999,801.0,3629941,7455223,2706202,7462,2708,2.75,neuron_1k_v3
10000000,999,1084.8,3629941,7455223,2706202,7462,2708,2.75,neuron_1k_v3
10000000,999,1068.0,3629941,7455223,2706202,7462,2708,2.75,neuron_1k_v3
10000000,999,1016.1,3629941,7455223,2706202,7462,2708,2.75,neuron_1k_v3
10000000,999,1191.3,3629941,7455223,2706202,7462,2708,2.75,neuron_1k_v3
10000000,999,976.1,3629941,7455223,2706202,7462,2708,2.75,neuron_1k_v3
10000000,999,965.1,3629941,7455223,2706202,7462,2708,2.75,neuron_1k_v3
10000000,999,978.9,3629941,7455223,2706202,7462,2708,2.75,neuron_1k_v3
10000000,999,879.8,3629941,7455223,2706202,7462,2708,2.75,neuron_1k_v3
10000000,999,1026.4,3629941,7455223,2706202,7462,2708,2.75,neuron_1k_v3
10000000,999,970.4,3629941,7455223,2706202,7462,2708,2.75,neuron_1k_v3
10000000,999,1175.1,3629941,7455223,2706202,7462,2708,2.75,neuron_1k_v3
10000000,999,1084.6,3629941,7455223,2706202,7462,2708,2.75,neuron_1k_v3
10000000,999,879.3,3629941,7455223,2706202,7462,2708,2.75,neuron_1k_v3
10000000,999,1225.3,3629941,7455223,2706202,7462,2708,2.75,neuron_1k_v3
10000000,999,927.2,3629941,7455223,2706202,7462,2708,2.75,neuron_1k_v3
10000000,999,1058.8,3629941,7455223,2706202,7462,2708,2.75,neuron_1k_v3
10000000,999,1030.1,3629941,7455223,2706202,7462,2708,2.75,neuron_1k_v3
10000000,999,1266.9,3629941,7455223,2706202,7462,2708,2.75,neuron_1k_v3
10000000,999,948.3,3629941,7455223,2706202,7462,2708,2.75,neuron_1k_v3
10000000,999,951.3,3629941,7455223,2706202,7462,2708,2.75,neuron_1k_v3
10000000,999,964.5,3629941,7455223,2706202,7462,2708,2.75,neuron_1k_v3
10000000,999,1260.6,3629941,7455223,2706202,7462,2708,2.75,neuron_1k_v3
10000000,999,962.7,3629941,7455223,2706202,7462,2708,2.75,neuron_1k_v3
10000000,999,898.1,3629941,7455223,2706202,7462,2708,2.75,neuron_1k_v3
10000000,999,1019.8,3629941,7455223,2706202,7462,2708,2.75,neuron_1k_v3
10000000,999,1037.2,3629941,7455223,2706202,7462,2708,2.75,neuron_1k_v3
10000000,999,890.0,3629941,7455223,2706202,7462,2708,2.75,neuron_1k_v3
10000000,999,1084.8,3629941,7455223,2706202,7462,2708,2.75,neuron_1k_v3
14142136,500,796.7,4834190,5276916,1803802,10553,3607,2.93,neuron_1k_v3
14142136,500,1001.9,4834190,5276916,1803802,10553,3607,2.93,neuron_1k_v3
14142136,500,1333.4,4834190,5276916,1803802,10553,3607,2.93,neuron_1k_v3
14142136,500,796.4,4834190,5276916,1803802,10553,3607,2.93,neuron_1k_v3
14142136,500,766.0,4834190,5276916,1803802,10553,3607,2.93,neuron_1k_v3
14142136,500,1354.8,4834190,5276916,1803802,10553,3607,2.93,neuron_1k_v3
14142136,500,972.0,4834190,5276916,1803802,10553,3607,2.93,neuron_1k_v3
14142136,500,1120.7,4834190,5276916,1803802,10553,3607,2.93,neuron_1k_v3
14142136,500,779.2,4834190,5276916,1803802,10553,3607,2.93,neuron_1k_v3
14142136,500,1129.5,4834190,5276916,1803802,10553,3607,2.93,neuron_1k_v3
14142136,500,1196.8,4834190,5276916,1803802,10553,3607,2.93,neuron_1k_v3
14142136,500,1156.7,4834190,5276916,1803802,10553,3607,2.93,neuron_1k_v3
14142136,707,806.3,4834190,7461559,2550576,10553,3607,2.93,neuron_1k_v3
14142136,707,761.6,4834190,7461559,2550576,10553,3607,2.93,neuron_1k_v3
14142136,707,869.6,4834190,7461559,2550576,10553,3607,2.93,neuron_1k_v3
14142136,707,1155.9,4834190,7461559,2550576,10553,3607,2.93,neuron_1k_v3
14142136,707,928.5,4834190,7461559,2550576,10553,3607,2.93,neuron_1k_v3
14142136,707,913.9,4834190,7461559,2550576,10553,3607,2.93,neuron_1k_v3
14142136,707,887.4,4834190,7461559,2550576,10553,3607,2.93,neuron_1k_v3
14142136,707,1158.8,4834190,7461559,2550576,10553,3607,2.93,neuron_1k_v3
14142136,707,707.5,4834190,7461559,2550576,10553,3607,2.93,neuron_1k_v3
14142136,707,909.3,4834190,7461559,2550576,10553,3607,2.93,neuron_1k_v3
14142136,707,897.0,4834190,7461559,2550576,10553,3607,2.93,neuron_1k_v3
14142136,707,865.4,4834190,7461559,2550576,10553,3607,2.93,neuron_1k_v3
14142136,707,1091.9,4834190,7461559,2550576,10553,3607,2.93,neuron_1k_v3
14142136,707,906.0,4834190,7461559,2550576,10553,3607,2.93,neuron_1k_v3
14142136,707,826.9,4834190,7461559,2550576,10553,3607,2.93,neuron_1k_v3
14142136,707,821.0,4834190,7461559,2550576,10553,3607,2.93,neuron_1k_v3
14142136,707,1288.5,4834190,7461559,2550576,10553,3607,2.93,neuron_1k_v3
14142136,707,927.6,4834190,7461559,2550576,10553,3607,2.93,neuron_1k_v3
14142136,707,1073.5,4834190,7461559,2550576,10553,3607,2.93,neuron_1k_v3
14142136,707,735.0,4834190,7461559,2550576,10553,3607,2.93,neuron_1k_v3
14142136,707,1189.8,4834190,7461559,2550576,10553,3607,2.93,neuron_1k_v3
14142136,707,898.4,4834190,7461559,2550576,10553,3607,2.93,neuron_1k_v3
14142136,707,922.3,4834190,7461559,2550576,10553,3607,2.93,neuron_1k_v3
14142136,500,1125.5,4834190,5276916,1803802,10553,3607,2.93,neuron_1k_v3
14142136,707,751.2,4834190,7461559,2550576,10553,3607,2.93,neuron_1k_v3
14142136,707,966.1,4834190,7461559,2550576,10553,3607,2.93,neuron_1k_v3
14142136,707,925.1,4834190,7461559,2550576,10553,3607,2.93,neuron_1k_v3
14142136,707,928.6,4834190,7461559,2550576,10553,3607,2.93,neuron_1k_v3
14142136,707,1254.5,4834190,7461559,2550576,10553,3607,2.93,neuron_1k_v3
14142136,707,821.2,4834190,7461559,2550576,10553,3607,2.93,neuron_1k_v3
14142136,707,961.9,4834190,7461559,2550576,10553,3607,2.93,neuron_1k_v3
14142136,500,1018.7,4834190,5276916,1803802,10553,3607,2.93,neuron_1k_v3
14142136,500,1058.7,4834190,5276916,1803802,10553,3607,2.93,neuron_1k_v3
14142136,500,834.8,4834190,5276916,1803802,10553,3607,2.93,neuron_1k_v3
14142136,999,730.7,4834190,10543279,3603996,10553,3607,2.93,neuron_1k_v3
14142136,999,873.6,4834190,10543279,3603996,10553,3607,2.93,neuron_1k_v3
14142136,999,911.3,4834190,10543279,3603996,10553,3607,2.93,neuron_1k_v3
14142136,999,869.8,4834190,10543279,3603996,10553,3607,2.93,neuron_1k_v3
14142136,999,715.2,4834190,10543279,3603996,10553,3607,2.93,neuron_1k_v3
14142136,999,906.0,4834190,10543279,3603996,10553,3607,2.93,neuron_1k_v3
14142136,999,1128.7,4834190,10543279,3603996,10553,3607,2.93,neuron_1k_v3
14142136,999,840.4,4834190,10543279,3603996,10553,3607,2.93,neuron_1k_v3
14142136,999,930.0,4834190,10543279,3603996,10553,3607,2.93,neuron_1k_v3
14142136,999,834.6,4834190,10543279,3603996,10553,3607,2.93,neuron_1k_v3
14142136,999,922.6,4834190,10543279,3603996,10553,3607,2.93,neuron_1k_v3
14142136,999,711.1,4834190,10543279,3603996,10553,3607,2.93,neuron_1k_v3
14142136,999,973.7,4834190,10543279,3603996,10553,3607,2.93,neuron_1k_v3
14142136,999,900.9,4834190,10543279,3603996,10553,3607,2.93,neuron_1k_v3
14142136,500,957.8,4834190,5276916,1803802,10553,3607,2.93,neuron_1k_v3
14142136,999,746.6,4834190,10543279,3603996,10553,3607,2.93,neuron_1k_v3
14142136,999,1092.2,4834190,10543279,3603996,10553,3607,2.93,neuron_1k_v3
14142136,999,898.2,4834190,10543279,3603996,10553,3607,2.93,neuron_1k_v3
14142136,999,782.3,4834190,10543279,3603996,10553,3607,2.93,neuron_1k_v3
14142136,999,744.4,4834190,10543279,3603996,10553,3607,2.93,neuron_1k_v3
14142136,999,871.4,4834190,10543279,3603996,10553,3607,2.93,neuron_1k_v3
14142136,999,1277.2,4834190,10543279,3603996,10553,3607,2.93,neuron_1k_v3
14142136,999,928.1,4834190,10543279,3603996,10553,3607,2.93,neuron_1k_v3
14142136,999,848.3,4834190,10543279,3603996,10553,3607,2.93,neuron_1k_v3
14142136,999,861.8,4834190,10543279,3603996,10553,3607,2.93,neuron_1k_v3
14142136,999,876.8,4834190,10543279,3603996,10553,3607,2.93,neuron_1k_v3
14142136,999,729.3,4834190,10543279,3603996,10553,3607,2.93,neuron_1k_v3
14142136,999,744.9,4834190,10543279,3603996,10553,3607,2.93,neuron_1k_v3
14142136,999,955.6,4834190,10543279,3603996,10553,3607,2.93,neuron_1k_v3
14142136,500,1130.0,4834190,5276916,1803802,10553,3607,2.93,neuron_1k_v3
14142136,500,931.6,4834190,5276916,1803802,10553,3607,2.93,neuron_1k_v3
14142136,500,1428.8,4834190,5276916,1803802,10553,3607,2.93,neuron_1k_v3
14142136,500,873.5,4834190,5276916,1803802,10553,3607,2.93,neuron_1k_v3
14142136,500,805.4,4834190,5276916,1803802,10553,3607,2.93,neuron_1k_v3
14142136,500,1095.7,4834190,5276916,1803802,10553,3607,2.93,neuron_1k_v3
14142136,500,924.4,4834190,5276916,1803802,10553,3607,2.93,neuron_1k_v3
14142136,500,956.5,4834190,5276916,1803802,10553,3607,2.93,neuron_1k_v3
14142136,500,886.1,4834190,5276916,1803802,10553,3607,2.93,neuron_1k_v3
14142136,500,732.5,4834190,5276916,1803802,10553,3607,2.93,neuron_1k_v3
14142136,500,874.5,4834190,5276916,1803802,10553,3607,2.93,neuron_1k_v3
14142136,999,678.2,4834190,10543279,3603996,10553,3607,2.93,neuron_1k_v3
14142136,999,810.8,4834190,10543279,3603996,10553,3607,2.93,neuron_1k_v3
14142136,500,1269.7,4834190,5276916,1803802,10553,3607,2.93,neuron_1k_v3
14142136,500,1029.5,4834190,5276916,1803802,10553,3607,2.93,neuron_1k_v3
20000000,707,918.9,6304883,10552238,3326531,14925,4705,3.17,neuron_1k_v3
20000000,707,723.3,6304883,10552238,3326531,14925,4705,3.17,neuron_1k_v3
20000000,707,780.9,6304883,10552238,3326531,14925,4705,3.17,neuron_1k_v3
20000000,707,652.3,6304883,10552238,3326531,14925,4705,3.17,neuron_1k_v3
20000000,707,825.8,6304883,10552238,3326531,14925,4705,3.17,neuron_1k_v3
20000000,707,741.9,6304883,10552238,3326531,14925,4705,3.17,neuron_1k_v3
20000000,707,686.5,6304883,10552238,3326531,14925,4705,3.17,neuron_1k_v3
20000000,707,854.0,6304883,10552238,3326531,14925,4705,3.17,neuron_1k_v3
20000000,707,797.8,6304883,10552238,3326531,14925,4705,3.17,neuron_1k_v3
20000000,707,683.8,6304883,10552238,3326531,14925,4705,3.17,neuron_1k_v3
20000000,707,995.8,6304883,10552238,3326531,14925,4705,3.17,neuron_1k_v3
20000000,707,815.8,6304883,10552238,3326531,14925,4705,3.17,neuron_1k_v3
20000000,707,703.3,6304883,10552238,3326531,14925,4705,3.17,neuron_1k_v3
20000000,999,765.0,6304883,14910447,4700431,14925,4705,3.17,neuron_1k_v3
20000000,707,839.4,6304883,10552238,3326531,14925,4705,3.17,neuron_1k_v3
20000000,707,649.8,6304883,10552238,3326531,14925,4705,3.17,neuron_1k_v3
20000000,999,756.1,6304883,14910447,4700431,14925,4705,3.17,neuron_1k_v3
20000000,999,783.0,6304883,14910447,4700431,14925,4705,3.17,neuron_1k_v3
20000000,999,869.0,6304883,14910447,4700431,14925,4705,3.17,neuron_1k_v3
20000000,999,918.5,6304883,14910447,4700431,14925,4705,3.17,neuron_1k_v3
20000000,999,823.4,6304883,14910447,4700431,14925,4705,3.17,neuron_1k_v3
20000000,999,657.0,6304883,14910447,4700431,14925,4705,3.17,neuron_1k_v3
20000000,999,786.5,6304883,14910447,4700431,14925,4705,3.17,neuron_1k_v3
20000000,999,719.9,6304883,14910447,4700431,14925,4705,3.17,neuron_1k_v3
20000000,999,604.6,6304883,14910447,4700431,14925,4705,3.17,neuron_1k_v3
20000000,999,834.6,6304883,14910447,4700431,14925,4705,3.17,neuron_1k_v3
20000000,999,724.8,6304883,14910447,4700431,14925,4705,3.17,neuron_1k_v3
20000000,999,694.4,6304883,14910447,4700431,14925,4705,3.17,neuron_1k_v3
20000000,999,692.4,6304883,14910447,4700431,14925,4705,3.17,neuron_1k_v3
20000000,999,767.4,6304883,14910447,4700431,14925,4705,3.17,neuron_1k_v3
20000000,999,785.4,6304883,14910447,4700431,14925,4705,3.17,neuron_1k_v3
20000000,999,657.8,6304883,14910447,4700431,14925,4705,3.17,neuron_1k_v3
20000000,999,734.8,6304883,14910447,4700431,14925,4705,3.17,neuron_1k_v3
20000000,999,697.9,6304883,14910447,4700431,14925,4705,3.17,neuron_1k_v3
20000000,999,765.6,6304883,14910447,4700431,14925,4705,3.17,neuron_1k_v3
20000000,999,703.9,6304883,14910447,4700431,14925,4705,3.17,neuron_1k_v3
20000000,999,926.1,6304883,14910447,4700431,14925,4705,3.17,neuron_1k_v3
20000000,999,849.7,6304883,14910447,4700431,14925,4705,3.17,neuron_1k_v3
20000000,999,735.4,6304883,14910447,4700431,14925,4705,3.17,neuron_1k_v3
20000000,999,694.8,6304883,14910447,4700431,14925,4705,3.17,neuron_1k_v3
20000000,999,1046.8,6304883,14910447,4700431,14925,4705,3.17,neuron_1k_v3
20000000,999,914.2,6304883,14910447,4700431,14925,4705,3.17,neuron_1k_v3
20000000,999,602.0,6304883,14910447,4700431,14925,4705,3.17,neuron_1k_v3
20000000,707,1252.3,6304883,10552238,3326531,14925,4705,3.17,neuron_1k_v3
20000000,999,797.0,6304883,14910447,4700431,14925,4705,3.17,neuron_1k_v3
20000000,707,1039.2,6304883,10552238,3326531,14925,4705,3.17,neuron_1k_v3
20000000,500,1011.0,6304883,7462686,2352568,14925,4705,3.17,neuron_1k_v3
20000000,500,1064.3,6304883,7462686,2352568,14925,4705,3.17,neuron_1k_v3
20000000,500,809.0,6304883,7462686,2352568,14925,4705,3.17,neuron_1k_v3
20000000,500,831.3,6304883,7462686,2352568,14925,4705,3.17,neuron_1k_v3
20000000,500,1138.3,6304883,7462686,2352568,14925,4705,3.17,neuron_1k_v3
20000000,500,916.5,6304883,7462686,2352568,14925,4705,3.17,neuron_1k_v3
20000000,500,930.6,6304883,7462686,2352568,14925,4705,3.17,neuron_1k_v3
20000000,500,703.1,6304883,7462686,2352568,14925,4705,3.17,neuron_1k_v3
20000000,500,954.0,6304883,7462686,2352568,14925,4705,3.17,neuron_1k_v3
20000000,500,941.1,6304883,7462686,2352568,14925,4705,3.17,neuron_1k_v3
20000000,500,888.6,6304883,7462686,2352568,14925,4705,3.17,neuron_1k_v3
20000000,500,865.3,6304883,7462686,2352568,14925,4705,3.17,neuron_1k_v3
20000000,500,914.9,6304883,7462686,2352568,14925,4705,3.17,neuron_1k_v3
20000000,500,946.9,6304883,7462686,2352568,14925,4705,3.17,neuron_1k_v3
20000000,500,1468.6,6304883,7462686,2352568,14925,4705,3.17,neuron_1k_v3
20000000,500,1030.0,6304883,7462686,2352568,14925,4705,3.17,neuron_1k_v3
20000000,500,1035.5,6304883,7462686,2352568,14925,4705,3.17,neuron_1k_v3
20000000,500,814.2,6304883,7462686,2352568,14925,4705,3.17,neuron_1k_v3
20000000,500,1184.1,6304883,7462686,2352568,14925,4705,3.17,neuron_1k_v3
20000000,500,776.7,6304883,7462686,2352568,14925,4705,3.17,neuron_1k_v3
20000000,500,736.0,6304883,7462686,2352568,14925,4705,3.17,neuron_1k_v3
20000000,707,692.6,6304883,10552238,3326531,14925,4705,3.17,neuron_1k_v3
20000000,500,939.7,6304883,7462686,2352568,14925,4705,3.17,neuron_1k_v3
20000000,500,593.7,6304883,7462686,2352568,14925,4705,3.17,neuron_1k_v3
20000000,707,703.6,6304883,10552238,3326531,14925,4705,3.17,neuron_1k_v3
20000000,707,779.3,6304883,10552238,3326531,14925,4705,3.17,neuron_1k_v3
20000000,707,790.7,6304883,10552238,3326531,14925,4705,3.17,neuron_1k_v3
20000000,707,792.4,6304883,10552238,3326531,14925,4705,3.17,neuron_1k_v3
20000000,707,759.1,6304883,10552238,3326531,14925,4705,3.17,neuron_1k_v3
20000000,707,871.6,6304883,10552238,3326531,14925,4705,3.17,neuron_1k_v3
20000000,707,803.6,6304883,10552238,3326531,14925,4705,3.17,neuron_1k_v3
20000000,707,790.3,6304883,10552238,3326531,14925,4705,3.17,neuron_1k_v3
20000000,707,678.7,6304883,10552238,3326531,14925,4705,3.17,neuron_1k_v3
20000000,707,777.1,6304883,10552238,3326531,14925,4705,3.17,neuron_1k_v3
20000000,707,903.6,6304883,10552238,3326531,14925,4705,3.17,neuron_1k_v3
20000000,999,779.8,6304883,14910447,4700431,14925,4705,3.17,neuron_1k_v3
20000000,500,967.1,6304883,7462686,2352568,14925,4705,3.17,neuron_1k_v3
20000000,500,746.5,6304883,7462686,2352568,14925,4705,3.17,neuron_1k_v3
20000000,500,971.4,6304883,7462686,2352568,14925,4705,3.17,neuron_1k_v3
20000000,500,1115.0,6304883,7462686,2352568,14925,4705,3.17,neuron_1k_v3
20000000,500,756.2,6304883,7462686,2352568,14925,4705,3.17,neuron_1k_v3
20000000,500,758.6,6304883,7462686,2352568,14925,4705,3.17,neuron_1k_v3
20000000,707,707.4,6304883,10552238,3326531,14925,4705,3.17,neuron_1k_v3
20000000,500,1046.0,6304883,7462686,2352568,14925,4705,3.17,neuron_1k_v3
28284271,999,634.2,8013470,21086557,5974221,21107,5980,3.53,neuron_1k_v3
28284271,999,913.5,8013470,21086557,5974221,21107,5980,3.53,neuron_1k_v3
28284271,999,615.6,8013470,21086557,5974221,21107,5980,3.53,neuron_1k_v3
28284271,999,780.7,8013470,21086557,5974221,21107,5980,3.53,neuron_1k_v3
28284271,999,648.6,8013470,21086557,5974221,21107,5980,3.53,neuron_1k_v3
28284271,999,748.1,8013470,21086557,5974221,21107,5980,3.53,neuron_1k_v3
28284271,999,548.8,8013470,21086557,5974221,21107,5980,3.53,neuron_1k_v3
28284271,999,705.1,8013470,21086557,5974221,21107,5980,3.53,neuron_1k_v3
28284271,999,675.6,8013470,21086557,5974221,21107,5980,3.53,neuron_1k_v3
28284271,999,822.2,8013470,21086557,5974221,21107,5980,3.53,neuron_1k_v3
28284271,999,838.3,8013470,21086557,5974221,21107,5980,3.53,neuron_1k_v3
28284271,999,686.0,8013470,21086557,5974221,21107,5980,3.53,neuron_1k_v3
28284271,999,797.8,8013470,21086557,5974221,21107,5980,3.53,neuron_1k_v3
28284271,999,727.4,8013470,21086557,5974221,21107,5980,3.53,neuron_1k_v3
28284271,999,703.2,8013470,21086557,5974221,21107,5980,3.53,neuron_1k_v3
28284271,999,688.1,8013470,21086557,5974221,21107,5980,3.53,neuron_1k_v3
28284271,999,631.2,8013470,21086557,5974221,21107,5980,3.53,neuron_1k_v3
28284271,999,662.0,8013470,21086557,5974221,21107,5980,3.53,neuron_1k_v3
28284271,999,624.6,8013470,21086557,5974221,21107,5980,3.53,neuron_1k_v3
28284271,999,682.7,8013470,21086557,5974221,21107,5980,3.53,neuron_1k_v3
28284271,999,580.6,8013470,21086557,5974221,21107,5980,3.53,neuron_1k_v3
28284271,999,766.1,8013470,21086557,5974221,21107,5980,3.53,neuron_1k_v3
28284271,999,822.7,8013470,21086557,5974221,21107,5980,3.53,neuron_1k_v3
28284271,999,642.9,8013470,21086557,5974221,21107,5980,3.53,neuron_1k_v3
28284271,999,826.1,8013470,21086557,5974221,21107,5980,3.53,neuron_1k_v3
28284271,999,689.6,8013470,21086557,5974221,21107,5980,3.53,neuron_1k_v3
28284271,999,792.9,8013470,21086557,5974221,21107,5980,3.53,neuron_1k_v3
28284271,999,572.4,8013470,21086557,5974221,21107,5980,3.53,neuron_1k_v3
28284271,999,698.4,8013470,21086557,5974221,21107,5980,3.53,neuron_1k_v3
28284271,500,907.0,8013470,10553832,2990100,21107,5980,3.53,neuron_1k_v3
28284271,500,635.0,8013470,10553832,2990100,21107,5980,3.53,neuron_1k_v3
28284271,500,666.9,8013470,10553832,2990100,21107,5980,3.53,neuron_1k_v3
28284271,500,751.2,8013470,10553832,2990100,21107,5980,3.53,neuron_1k_v3
28284271,500,867.2,8013470,10553832,2990100,21107,5980,3.53,neuron_1k_v3
28284271,500,607.4,8013470,10553832,2990100,21107,5980,3.53,neuron_1k_v3
28284271,500,538.5,8013470,10553832,2990100,21107,5980,3.53,neuron_1k_v3
28284271,500,705.3,8013470,10553832,2990100,21107,5980,3.53,neuron_1k_v3
28284271,500,637.9,8013470,10553832,2990100,21107,5980,3.53,neuron_1k_v3
28284271,500,688.0,8013470,10553832,2990100,21107,5980,3.53,neuron_1k_v3
28284271,999,747.7,8013470,21086557,5974221,21107,5980,3.53,neuron_1k_v3
28284271,500,708.8,8013470,10553832,2990100,21107,5980,3.53,neuron_1k_v3
28284271,500,724.8,8013470,10553832,2990100,21107,5980,3.53,neuron_1k_v3
28284271,500,805.7,8013470,10553832,2990100,21107,5980,3.53,neuron_1k_v3
28284271,500,601.7,8013470,10553832,2990100,21107,5980,3.53,neuron_1k_v3
28284271,500,586.3,8013470,10553832,2990100,21107,5980,3.53,neuron_1k_v3
28284271,500,750.5,8013470,10553832,2990100,21107,5980,3.53,neuron_1k_v3
28284271,500,845.4,8013470,10553832,2990100,21107,5980,3.53,neuron_1k_v3
28284271,500,1056.2,8013470,10553832,2990100,21107,5980,3.53,neuron_1k_v3
28284271,500,696.7,8013470,10553832,2990100,21107,5980,3.53,neuron_1k_v3
28284271,500,640.0,8013470,10553832,2990100,21107,5980,3.53,neuron_1k_v3
28284271,500,747.4,8013470,10553832,2990100,21107,5980,3.53,neuron_1k_v3
28284271,500,1121.9,8013470,10553832,2990100,21107,5980,3.53,neuron_1k_v3
28284271,500,702.1,8013470,10553832,2990100,21107,5980,3.53,neuron_1k_v3
28284271,500,769.3,8013470,10553832,2990100,21107,5980,3.53,neuron_1k_v3
28284271,500,891.7,8013470,10553832,2990100,21107,5980,3.53,neuron_1k_v3
28284271,500,611.0,8013470,10553832,2990100,21107,5980,3.53,neuron_1k_v3
28284271,500,874.4,8013470,10553832,2990100,21107,5980,3.53,neuron_1k_v3
28284271,500,800.8,8013470,10553832,2990100,21107,5980,3.53,neuron_1k_v3
28284271,500,641.9,8013470,10553832,2990100,21107,5980,3.53,neuron_1k_v3
28284271,500,918.6,8013470,10553832,2990100,21107,5980,3.53,neuron_1k_v3
28284271,707,798.2,8013470,14923119,4228002,21107,5980,3.53,neuron_1k_v3
28284271,707,679.9,8013470,14923119,4228002,21107,5980,3.53,neuron_1k_v3
28284271,707,738.5,8013470,14923119,4228002,21107,5980,3.53,neuron_1k_v3
28284271,707,766.3,8013470,14923119,4228002,21107,5980,3.53,neuron_1k_v3
28284271,707,925.9,8013470,14923119,4228002,21107,5980,3.53,neuron_1k_v3
28284271,707,785.9,8013470,14923119,4228002,21107,5980,3.53,neuron_1k_v3
28284271,707,652.9,8013470,14923119,4228002,21107,5980,3.53,neuron_1k_v3
28284271,707,762.1,8013470,14923119,4228002,21107,5980,3.53,neuron_1k_v3
28284271,707,732.5,8013470,14923119,4228002,21107,5980,3.53,neuron_1k_v3
28284271,707,690.3,8013470,14923119,4228002,21107,5980,3.53,neuron_1k_v3
28284271,707,611.3,8013470,14923119,4228002,21107,5980,3.53,neuron_1k_v3
28284271,707,770.3,8013470,14923119,4228002,21107,5980,3.53,neuron_1k_v3
28284271,707,717.3,8013470,14923119,4228002,21107,5980,3.53,neuron_1k_v3
28284271,707,651.4,8013470,14923119,4228002,21107,5980,3.53,neuron_1k_v3
28284271,707,670.0,8013470,14923119,4228002,21107,5980,3.53,neuron_1k_v3
28284271,707,646.1,8013470,14923119,4228002,21107,5980,3.53,neuron_1k_v3
28284271,707,706.4,8013470,14923119,4228002,21107,5980,3.53,neuron_1k_v3
28284271,707,773.0,8013470,14923119,4228002,21107,5980,3.53,neuron_1k_v3
28284271,707,644.9,8013470,14923119,4228002,21107,5980,3.53,neuron_1k_v3
28284271,707,723.8,8013470,14923119,4228002,21107,5980,3.53,neuron_1k_v3
28284271,707,674.1,8013470,14923119,4228002,21107,5980,3.53,neuron_1k_v3
28284271,707,992.9,8013470,14923119,4228002,21107,5980,3.53,neuron_1k_v3
28284271,707,671.2,8013470,14923119,4228002,21107,5980,3.53,neuron_1k_v3
28284271,707,680.6,8013470,14923119,4228002,21107,5980,3.53,neuron_1k_v3
28284271,707,836.0,8013470,14923119,4228002,21107,5980,3.53,neuron_1k_v3
28284271,707,603.9,8013470,14923119,4228002,21107,5980,3.53,neuron_1k_v3
28284271,707,812.3,8013470,14923119,4228002,21107,5980,3.53,neuron_1k_v3
28284271,707,814.8,8013470,14923119,4228002,21107,5980,3.53,neuron_1k_v3
28284271,707,716.2,8013470,14923119,4228002,21107,5980,3.53,neuron_1k_v3
28284271,707,771.6,8013470,14923119,4228002,21107,5980,3.53,neuron_1k_v3
40000000,500,826.0,9869792,14925373,3682758,29850,7365,4.05,neuron_1k_v3
40000000,999,648.9,9869792,29820895,7358150,29850,7365,4.05,neuron_1k_v3
40000000,500,658.4,9869792,14925373,3682758,29850,7365,4.05,neuron_1k_v3
40000000,500,585.3,9869792,14925373,3682758,29850,7365,4.05,neuron_1k_v3
40000000,707,678.6,9869792,21104477,5207420,29850,7365,4.05,neuron_1k_v3
40000000,707,854.7,9869792,21104477,5207420,29850,7365,4.05,neuron_1k_v3
40000000,707,836.0,9869792,21104477,5207420,29850,7365,4.05,neuron_1k_v3
40000000,707,678.8,9869792,21104477,5207420,29850,7365,4.05,neuron_1k_v3
40000000,999,592.0,9869792,29820895,7358150,29850,7365,4.05,neuron_1k_v3
40000000,999,715.7,9869792,29820895,7358150,29850,7365,4.05,neuron_1k_v3
40000000,999,627.0,9869792,29820895,7358150,29850,7365,4.05,neuron_1k_v3
40000000,999,602.5,9869792,29820895,7358150,29850,7365,4.05,neuron_1k_v3
40000000,999,590.1,9869792,29820895,7358150,29850,7365,4.05,neuron_1k_v3
40000000,999,577.4,9869792,29820895,7358150,29850,7365,4.05,neuron_1k_v3
40000000,999,781.3,9869792,29820895,7358150,29850,7365,4.05,neuron_1k_v3
40000000,999,633.5,9869792,29820895,7358150,29850,7365,4.05,neuron_1k_v3
40000000,999,602.3,9869792,29820895,7358150,29850,7365,4.05,neuron_1k_v3
40000000,999,580.4,9869792,29820895,7358150,29850,7365,4.05,neuron_1k_v3
40000000,500,762.7,9869792,14925373,3682758,29850,7365,4.05,neuron_1k_v3
40000000,999,827.3,9869792,29820895,7358150,29850,7365,4.05,neuron_1k_v3
40000000,999,737.1,9869792,29820895,7358150,29850,7365,4.05,neuron_1k_v3
40000000,500,643.2,9869792,14925373,3682758,29850,7365,4.05,neuron_1k_v3
40000000,500,729.9,9869792,14925373,3682758,29850,7365,4.05,neuron_1k_v3
40000000,500,703.2,9869792,14925373,3682758,29850,7365,4.05,neuron_1k_v3
40000000,500,759.4,9869792,14925373,3682758,29850,7365,4.05,neuron_1k_v3
40000000,707,672.3,9869792,21104477,5207420,29850,7365,4.05,neuron_1k_v3
40000000,500,756.2,9869792,14925373,3682758,29850,7365,4.05,neuron_1k_v3
40000000,500,702.7,9869792,14925373,3682758,29850,7365,4.05,neuron_1k_v3
40000000,500,679.0,9869792,14925373,3682758,29850,7365,4.05,neuron_1k_v3
40000000,500,700.5,9869792,14925373,3682758,29850,7365,4.05,neuron_1k_v3
40000000,500,592.3,9869792,14925373,3682758,29850,7365,4.05,neuron_1k_v3
40000000,999,608.9,9869792,29820895,7358150,29850,7365,4.05,neuron_1k_v3
40000000,500,623.8,9869792,14925373,3682758,29850,7365,4.05,neuron_1k_v3
40000000,500,919.6,9869792,14925373,3682758,29850,7365,4.05,neuron_1k_v3
40000000,500,655.0,9869792,14925373,3682758,29850,7365,4.05,neuron_1k_v3
40000000,500,699.7,9869792,14925373,3682758,29850,7365,4.05,neuron_1k_v3
40000000,500,688.8,9869792,14925373,3682758,29850,7365,4.05,neuron_1k_v3
40000000,500,747.5,9869792,14925373,3682758,29850,7365,4.05,neuron_1k_v3
40000000,500,581.0,9869792,14925373,3682758,29850,7365,4.05,neuron_1k_v3
40000000,500,645.3,9869792,14925373,3682758,29850,7365,4.05,neuron_1k_v3
40000000,500,623.7,9869792,14925373,3682758,29850,7365,4.05,neuron_1k_v3
40000000,500,613.2,9869792,14925373,3682758,29850,7365,4.05,neuron_1k_v3
40000000,500,657.8,9869792,14925373,3682758,29850,7365,4.05,neuron_1k_v3
40000000,500,690.4,9869792,14925373,3682758,29850,7365,4.05,neuron_1k_v3
40000000,500,668.8,9869792,14925373,3682758,29850,7365,4.05,neuron_1k_v3
40000000,999,611.4,9869792,29820895,7358150,29850,7365,4.05,neuron_1k_v3
40000000,500,642.5,9869792,14925373,3682758,29850,7365,4.05,neuron_1k_v3
40000000,999,625.3,9869792,29820895,7358150,29850,7365,4.05,neuron_1k_v3
40000000,707,535.1,9869792,21104477,5207420,29850,7365,4.05,neuron_1k_v3
40000000,707,823.4,9869792,21104477,5207420,29850,7365,4.05,neuron_1k_v3
40000000,707,882.9,9869792,21104477,5207420,29850,7365,4.05,neuron_1k_v3
40000000,707,640.5,9869792,21104477,5207420,29850,7365,4.05,neuron_1k_v3
40000000,707,642.2,9869792,21104477,5207420,29850,7365,4.05,neuron_1k_v3
40000000,707,600.2,9869792,21104477,5207420,29850,7365,4.05,neuron_1k_v3
40000000,707,640.5,9869792,21104477,5207420,29850,7365,4.05,neuron_1k_v3
40000000,707,666.9,9869792,21104477,5207420,29850,7365,4.05,neuron_1k_v3
40000000,707,586.9,9869792,21104477,5207420,29850,7365,4.05,neuron_1k_v3
40000000,707,559.2,9869792,21104477,5207420,29850,7365,4.05,neuron_1k_v3
40000000,707,687.5,9869792,21104477,5207420,29850,7365,4.05,neuron_1k_v3
40000000,707,671.6,9869792,21104477,5207420,29850,7365,4.05,neuron_1k_v3
40000000,707,614.9,9869792,21104477,5207420,29850,7365,4.05,neuron_1k_v3
40000000,707,661.2,9869792,21104477,5207420,29850,7365,4.05,neuron_1k_v3
40000000,707,701.9,9869792,21104477,5207420,29850,7365,4.05,neuron_1k_v3
40000000,707,707.2,9869792,21104477,5207420,29850,7365,4.05,neuron_1k_v3
40000000,707,710.2,9869792,21104477,5207420,29850,7365,4.05,neuron_1k_v3
40000000,707,715.8,9869792,21104477,5207420,29850,7365,4.05,neuron_1k_v3
40000000,707,633.4,9869792,21104477,5207420,29850,7365,4.05,neuron_1k_v3
40000000,999,635.8,9869792,29820895,7358150,29850,7365,4.05,neuron_1k_v3
40000000,707,623.6,9869792,21104477,5207420,29850,7365,4.05,neuron_1k_v3
40000000,707,575.9,9869792,21104477,5207420,29850,7365,4.05,neuron_1k_v3
40000000,999,544.4,9869792,29820895,7358150,29850,7365,4.05,neuron_1k_v3
40000000,999,679.2,9869792,29820895,7358150,29850,7365,4.05,neuron_1k_v3
40000000,999,692.1,9869792,29820895,7358150,29850,7365,4.05,neuron_1k_v3
40000000,999,617.0,9869792,29820895,7358150,29850,7365,4.05,neuron_1k_v3
40000000,999,681.1,9869792,29820895,7358150,29850,7365,4.05,neuron_1k_v3
40000000,999,627.6,9869792,29820895,7358150,29850,7365,4.05,neuron_1k_v3
40000000,999,629.8,9869792,29820895,7358150,29850,7365,4.05,neuron_1k_v3
40000000,999,837.6,9869792,29820895,7358150,29850,7365,4.05,neuron_1k_v3
40000000,707,663.8,9869792,21104477,5207420,29850,7365,4.05,neuron_1k_v3
40000000,999,705.5,9869792,29820895,7358150,29850,7365,4.05,neuron_1k_v3
40000000,999,597.3,9869792,29820895,7358150,29850,7365,4.05,neuron_1k_v3
40000000,999,742.9,9869792,29820895,7358150,29850,7365,4.05,neuron_1k_v3
40000000,500,1072.0,9869792,14925373,3682758,29850,7365,4.05,neuron_1k_v3
40000000,999,586.2,9869792,29820895,7358150,29850,7365,4.05,neuron_1k_v3
40000000,500,739.8,9869792,14925373,3682758,29850,7365,4.05,neuron_1k_v3
40000000,500,621.8,9869792,14925373,3682758,29850,7365,4.05,neuron_1k_v3
40000000,707,656.7,9869792,21104477,5207420,29850,7365,4.05,neuron_1k_v3
40000000,707,763.5,9869792,21104477,5207420,29850,7365,4.05,neuron_1k_v3
40000000,707,710.5,9869792,21104477,5207420,29850,7365,4.05,neuron_1k_v3
40000000,999,623.2,9869792,29820895,7358150,29850,7365,4.05,neuron_1k_v3
56568542,999,582.5,11746414,42173114,8757214,42215,8765,4.82,neuron_1k_v3
56568542,999,617.5,11746414,42173114,8757214,42215,8765,4.82,neuron_1k_v3
56568542,707,647.2,11746414,29846238,6197548,42215,8765,4.82,neuron_1k_v3
56568542,999,723.6,11746414,42173114,8757214,42215,8765,4.82,neuron_1k_v3
56568542,999,709.3,11746414,42173114,8757214,42215,8765,4.82,neuron_1k_v3
56568542,707,592.0,11746414,29846238,6197548,42215,8765,4.82,neuron_1k_v3
56568542,707,624.5,11746414,29846238,6197548,42215,8765,4.82,neuron_1k_v3
56568542,707,617.4,11746414,29846238,6197548,42215,8765,4.82,neuron_1k_v3
56568542,707,797.8,11746414,29846238,6197548,42215,8765,4.82,neuron_1k_v3
56568542,707,666.7,11746414,29846238,6197548,42215,8765,4.82,neuron_1k_v3
56568542,707,656.9,11746414,29846238,6197548,42215,8765,4.82,neuron_1k_v3
56568542,500,598.4,11746414,21107664,4382990,42215,8765,4.82,neuron_1k_v3
56568542,500,866.1,11746414,21107664,4382990,42215,8765,4.82,neuron_1k_v3
56568542,500,731.7,11746414,21107664,4382990,42215,8765,4.82,neuron_1k_v3
56568542,500,607.0,11746414,21107664,4382990,42215,8765,4.82,neuron_1k_v3
56568542,500,729.9,11746414,21107664,4382990,42215,8765,4.82,neuron_1k_v3
56568542,500,561.1,11746414,21107664,4382990,42215,8765,4.82,neuron_1k_v3
56568542,500,682.8,11746414,21107664,4382990,42215,8765,4.82,neuron_1k_v3
56568542,500,770.5,11746414,21107664,4382990,42215,8765,4.82,neuron_1k_v3
56568542,500,628.7,11746414,21107664,4382990,42215,8765,4.82,neuron_1k_v3
56568542,500,691.4,11746414,21107664,4382990,42215,8765,4.82,neuron_1k_v3
56568542,500,665.2,11746414,21107664,4382990,42215,8765,4.82,neuron_1k_v3
56568542,707,609.0,11746414,29846238,6197548,42215,8765,4.82,neuron_1k_v3
56568542,707,780.7,11746414,29846238,6197548,42215,8765,4.82,neuron_1k_v3
56568542,707,635.3,11746414,29846238,6197548,42215,8765,4.82,neuron_1k_v3
56568542,707,655.4,11746414,29846238,6197548,42215,8765,4.82,neuron_1k_v3
56568542,707,610.2,11746414,29846238,6197548,42215,8765,4.82,neuron_1k_v3
56568542,707,598.5,11746414,29846238,6197548,42215,8765,4.82,neuron_1k_v3
56568542,707,625.2,11746414,29846238,6197548,42215,8765,4.82,neuron_1k_v3
56568542,707,622.9,11746414,29846238,6197548,42215,8765,4.82,neuron_1k_v3
56568542,707,636.4,11746414,29846238,6197548,42215,8765,4.82,neuron_1k_v3
56568542,707,678.4,11746414,29846238,6197548,42215,8765,4.82,neuron_1k_v3
56568542,707,559.3,11746414,29846238,6197548,42215,8765,4.82,neuron_1k_v3
56568542,707,655.7,11746414,29846238,6197548,42215,8765,4.82,neuron_1k_v3
56568542,500,609.0,11746414,21107664,4382990,42215,8765,4.82,neuron_1k_v3
56568542,707,660.8,11746414,29846238,6197548,42215,8765,4.82,neuron_1k_v3
56568542,707,779.7,11746414,29846238,6197548,42215,8765,4.82,neuron_1k_v3
56568542,707,586.0,11746414,29846238,6197548,42215,8765,4.82,neuron_1k_v3
56568542,707,621.4,11746414,29846238,6197548,42215,8765,4.82,neuron_1k_v3
56568542,707,762.0,11746414,29846238,6197548,42215,8765,4.82,neuron_1k_v3
56568542,707,639.2,11746414,29846238,6197548,42215,8765,4.82,neuron_1k_v3
56568542,707,725.7,11746414,29846238,6197548,42215,8765,4.82,neuron_1k_v3
56568542,707,612.1,11746414,29846238,6197548,42215,8765,4.82,neuron_1k_v3
56568542,707,745.8,11746414,29846238,6197548,42215,8765,4.82,neuron_1k_v3
56568542,707,679.7,11746414,29846238,6197548,42215,8765,4.82,neuron_1k_v3
56568542,500,558.2,11746414,21107664,4382990,42215,8765,4.82,neuron_1k_v3
56568542,500,708.6,11746414,21107664,4382990,42215,8765,4.82,neuron_1k_v3
56568542,500,650.2,11746414,21107664,4382990,42215,8765,4.82,neuron_1k_v3
56568542,999,736.6,11746414,42173114,8757214,42215,8765,4.82,neuron_1k_v3
56568542,999,655.6,11746414,42173114,8757214,42215,8765,4.82,neuron_1k_v3
56568542,999,618.1,11746414,42173114,8757214,42215,8765,4.82,neuron_1k_v3
56568542,999,574.1,11746414,42173114,8757214,42215,8765,4.82,neuron_1k_v3
56568542,999,622.7,11746414,42173114,8757214,42215,8765,4.82,neuron_1k_v3
56568542,999,725.9,11746414,42173114,8757214,42215,8765,4.82,neuron_1k_v3
56568542,707,652.5,11746414,29846238,6197548,42215,8765,4.82,neuron_1k_v3
56568542,999,625.8,11746414,42173114,8757214,42215,8765,4.82,neuron_1k_v3
56568542,999,563.1,11746414,42173114,8757214,42215,8765,4.82,neuron_1k_v3
56568542,999,588.9,11746414,42173114,8757214,42215,8765,4.82,neuron_1k_v3
56568542,999,735.9,11746414,42173114,8757214,42215,8765,4.82,neuron_1k_v3
56568542,999,644.9,11746414,42173114,8757214,42215,8765,4.82,neuron_1k_v3
56568542,999,801.2,11746414,42173114,8757214,42215,8765,4.82,neuron_1k_v3
56568542,999,577.0,11746414,42173114,8757214,42215,8765,4.82,neuron_1k_v3
56568542,999,643.0,11746414,42173114,8757214,42215,8765,4.82,neuron_1k_v3
56568542,999,592.6,11746414,42173114,8757214,42215,8765,4.82,neuron_1k_v3
56568542,999,686.4,11746414,42173114,8757214,42215,8765,4.82,neuron_1k_v3
56568542,999,665.1,11746414,42173114,8757214,42215,8765,4.82,neuron_1k_v3
56568542,999,593.8,11746414,42173114,8757214,42215,8765,4.82,neuron_1k_v3
56568542,999,645.7,11746414,42173114,8757214,42215,8765,4.82,neuron_1k_v3
56568542,999,603.6,11746414,42173114,8757214,42215,8765,4.82,neuron_1k_v3
56568542,999,554.0,11746414,42173114,8757214,42215,8765,4.82,neuron_1k_v3
56568542,500,864.3,11746414,21107664,4382990,42215,8765,4.82,neuron_1k_v3
56568542,500,649.6,11746414,21107664,4382990,42215,8765,4.82,neuron_1k_v3
56568542,500,680.5,11746414,21107664,4382990,42215,8765,4.82,neuron_1k_v3
56568542,500,627.5,11746414,21107664,4382990,42215,8765,4.82,neuron_1k_v3
56568542,500,652.5,11746414,21107664,4382990,42215,8765,4.82,neuron_1k_v3
56568542,500,694.5,11746414,21107664,4382990,42215,8765,4.82,neuron_1k_v3
56568542,500,548.6,11746414,21107664,4382990,42215,8765,4.82,neuron_1k_v3
56568542,500,572.6,11746414,21107664,4382990,42215,8765,4.82,neuron_1k_v3
56568542,999,584.8,11746414,42173114,8757214,42215,8765,4.82,neuron_1k_v3
56568542,500,623.4,11746414,21107664,4382990,42215,8765,4.82,neuron_1k_v3
56568542,500,600.1,11746414,21107664,4382990,42215,8765,4.82,neuron_1k_v3
56568542,500,707.7,11746414,21107664,4382990,42215,8765,4.82,neuron_1k_v3
56568542,500,583.2,11746414,21107664,4382990,42215,8765,4.82,neuron_1k_v3
56568542,500,625.5,11746414,21107664,4382990,42215,8765,4.82,neuron_1k_v3
56568542,999,726.9,11746414,42173114,8757214,42215,8765,4.82,neuron_1k_v3
56568542,999,633.7,11746414,42173114,8757214,42215,8765,4.82,neuron_1k_v3
56568542,999,608.3,11746414,42173114,8757214,42215,8765,4.82,neuron_1k_v3
56568542,999,633.6,11746414,42173114,8757214,42215,8765,4.82,neuron_1k_v3
56568542,500,577.0,11746414,21107664,4382990,42215,8765,4.82,neuron_1k_v3
56568542,500,640.1,11746414,21107664,4382990,42215,8765,4.82,neuron_1k_v3
60998228,500,665.4,14188436,22760532,5294192,45521,10588,4.3,neuron_1k_v3
60998228,999,598.9,14188436,45475544,10577796,45521,10588,4.3,neuron_1k_v3
60998228,707,641.5,14188436,32183393,7485988,45521,10588,4.3,neuron_1k_v3
60998228,707,664.1,14188436,32183393,7485988,45521,10588,4.3,neuron_1k_v3
60998228,707,688.2,14188436,32183393,7485988,45521,10588,4.3,neuron_1k_v3
60998228,707,698.0,14188436,32183393,7485988,45521,10588,4.3,neuron_1k_v3
60998228,707,756.3,14188436,32183393,7485988,45521,10588,4.3,neuron_1k_v3
60998228,707,676.4,14188436,32183393,7485988,45521,10588,4.3,neuron_1k_v3
60998228,707,832.9,14188436,32183393,7485988,45521,10588,4.3,neuron_1k_v3
60998228,707,664.0,14188436,32183393,7485988,45521,10588,4.3,neuron_1k_v3
60998228,707,614.0,14188436,32183393,7485988,45521,10588,4.3,neuron_1k_v3
60998228,707,702.1,14188436,32183393,7485988,45521,10588,4.3,neuron_1k_v3
60998228,707,597.6,14188436,32183393,7485988,45521,10588,4.3,neuron_1k_v3
60998228,707,669.2,14188436,32183393,7485988,45521,10588,4.3,neuron_1k_v3
60998228,707,578.2,14188436,32183393,7485988,45521,10588,4.3,neuron_1k_v3
60998228,707,797.8,14188436,32183393,7485988,45521,10588,4.3,neuron_1k_v3
60998228,707,655.4,14188436,32183393,7485988,45521,10588,4.3,neuron_1k_v3
60998228,707,611.0,14188436,32183393,7485988,45521,10588,4.3,neuron_1k_v3
60998228,707,621.2,14188436,32183393,7485988,45521,10588,4.3,neuron_1k_v3
60998228,707,621.7,14188436,32183393,7485988,45521,10588,4.3,neuron_1k_v3
60998228,707,666.2,14188436,32183393,7485988,45521,10588,4.3,neuron_1k_v3
60998228,707,620.1,14188436,32183393,7485988,45521,10588,4.3,neuron_1k_v3
60998228,707,581.2,14188436,32183393,7485988,45521,10588,4.3,neuron_1k_v3
60998228,707,587.9,14188436,32183393,7485988,45521,10588,4.3,neuron_1k_v3
60998228,707,686.8,14188436,32183393,7485988,45521,10588,4.3,neuron_1k_v3
60998228,707,599.2,14188436,32183393,7485988,45521,10588,4.3,neuron_1k_v3
60998228,707,628.6,14188436,32183393,7485988,45521,10588,4.3,neuron_1k_v3
60998228,707,677.2,14188436,32183393,7485988,45521,10588,4.3,neuron_1k_v3
60998228,707,603.5,14188436,32183393,7485988,45521,10588,4.3,neuron_1k_v3
60998228,999,660.5,14188436,45475544,10577796,45521,10588,4.3,neuron_1k_v3
60998228,500,766.9,14188436,22760532,5294192,45521,10588,4.3,neuron_1k_v3
60998228,500,627.0,14188436,22760532,5294192,45521,10588,4.3,neuron_1k_v3
60998228,500,786.3,14188436,22760532,5294192,45521,10588,4.3,neuron_1k_v3
60998228,500,737.8,14188436,22760532,5294192,45521,10588,4.3,neuron_1k_v3
60998228,500,778.5,14188436,22760532,5294192,45521,10588,4.3,neuron_1k_v3
60998228,500,710.7,14188436,22760532,5294192,45521,10588,4.3,neuron_1k_v3
60998228,500,628.0,14188436,22760532,5294192,45521,10588,4.3,neuron_1k_v3
60998228,500,718.0,14188436,22760532,5294192,45521,10588,4.3,neuron_1k_v3
60998228,500,754.4,14188436,22760532,5294192,45521,10588,4.3,neuron_1k_v3
60998228,500,678.2,14188436,22760532,5294192,45521,10588,4.3,neuron_1k_v3
60998228,500,656.5,14188436,22760532,5294192,45521,10588,4.3,neuron_1k_v3
60998228,500,606.0,14188436,22760532,5294192,45521,10588,4.3,neuron_1k_v3
60998228,500,606.8,14188436,22760532,5294192,45521,10588,4.3,neuron_1k_v3
60998228,500,628.7,14188436,22760532,5294192,45521,10588,4.3,neuron_1k_v3
60998228,500,710.0,14188436,22760532,5294192,45521,10588,4.3,neuron_1k_v3
60998228,500,629.9,14188436,22760532,5294192,45521,10588,4.3,neuron_1k_v3
60998228,500,804.5,14188436,22760532,5294192,45521,10588,4.3,neuron_1k_v3
60998228,500,772.2,14188436,22760532,5294192,45521,10588,4.3,neuron_1k_v3
60998228,500,731.3,14188436,22760532,5294192,45521,10588,4.3,neuron_1k_v3
60998228,500,629.2,14188436,22760532,5294192,45521,10588,4.3,neuron_1k_v3
60998228,500,616.3,14188436,22760532,5294192,45521,10588,4.3,neuron_1k_v3
60998228,500,673.3,14188436,22760532,5294192,45521,10588,4.3,neuron_1k_v3
60998228,500,683.2,14188436,22760532,5294192,45521,10588,4.3,neuron_1k_v3
60998228,500,920.1,14188436,22760532,5294192,45521,10588,4.3,neuron_1k_v3
60998228,500,661.3,14188436,22760532,5294192,45521,10588,4.3,neuron_1k_v3
60998228,500,646.9,14188436,22760532,5294192,45521,10588,4.3,neuron_1k_v3
60998228,500,541.8,14188436,22760532,5294192,45521,10588,4.3,neuron_1k_v3
60998228,500,656.9,14188436,22760532,5294192,45521,10588,4.3,neuron_1k_v3
60998228,500,711.9,14188436,22760532,5294192,45521,10588,4.3,neuron_1k_v3
60998228,707,579.9,14188436,32183393,7485988,45521,10588,4.3,neuron_1k_v3
60998228,707,635.2,14188436,32183393,7485988,45521,10588,4.3,neuron_1k_v3
60998228,707,557.2,14188436,32183393,7485988,45521,10588,4.3,neuron_1k_v3
60998228,999,609.8,14188436,45475544,10577796,45521,10588,4.3,neuron_1k_v3
60998228,999,680.3,14188436,45475544,10577796,45521,10588,4.3,neuron_1k_v3
60998228,999,644.8,14188436,45475544,10577796,45521,10588,4.3,neuron_1k_v3
60998228,999,611.5,14188436,45475544,10577796,45521,10588,4.3,neuron_1k_v3
60998228,999,641.3,14188436,45475544,10577796,45521,10588,4.3,neuron_1k_v3
60998228,999,601.6,14188436,45475544,10577796,45521,10588,4.3,neuron_1k_v3
60998228,999,898.7,14188436,45475544,10577796,45521,10588,4.3,neuron_1k_v3
60998228,999,585.1,14188436,45475544,10577796,45521,10588,4.3,neuron_1k_v3
60998228,999,682.5,14188436,45475544,10577796,45521,10588,4.3,neuron_1k_v3
60998228,999,613.7,14188436,45475544,10577796,45521,10588,4.3,neuron_1k_v3
60998228,999,593.0,14188436,45475544,10577796,45521,10588,4.3,neuron_1k_v3
60998228,999,630.0,14188436,45475544,10577796,45521,10588,4.3,neuron_1k_v3
60998228,999,624.5,14188436,45475544,10577796,45521,10588,4.3,neuron_1k_v3
60998228,999,647.7,14188436,45475544,10577796,45521,10588,4.3,neuron_1k_v3
60998228,999,633.9,14188436,45475544,10577796,45521,10588,4.3,neuron_1k_v3
60998228,999,624.4,14188436,45475544,10577796,45521,10588,4.3,neuron_1k_v3
60998228,999,580.4,14188436,45475544,10577796,45521,10588,4.3,neuron_1k_v3
60998228,999,621.6,14188436,45475544,10577796,45521,10588,4.3,neuron_1k_v3
60998228,999,563.8,14188436,45475544,10577796,45521,10588,4.3,neuron_1k_v3
60998228,999,654.9,14188436,45475544,10577796,45521,10588,4.3,neuron_1k_v3
60998228,999,622.1,14188436,45475544,10577796,45521,10588,4.3,neuron_1k_v3
60998228,999,778.4,14188436,45475544,10577796,45521,10588,4.3,neuron_1k_v3
60998228,999,630.8,14188436,45475544,10577796,45521,10588,4.3,neuron_1k_v3
60998228,999,598.5,14188436,45475544,10577796,45521,10588,4.3,neuron_1k_v3
60998228,999,603.2,14188436,45475544,10577796,45521,10588,4.3,neuron_1k_v3
60998228,999,682.5,14188436,45475544,10577796,45521,10588,4.3,neuron_1k_v3
60998228,999,579.1,14188436,45475544,10577796,45521,10588,4.3,neuron_1k_v3
60998228,999,551.3,14188436,45475544,10577796,45521,10588,4.3,neuron_1k_v3
80000000,707,624.6,13500260,42208955,7122898,59701,10074,5.93,neuron_1k_v3
80000000,999,630.2,13500260,59641791,10064746,59701,10074,5.93,neuron_1k_v3
80000000,999,589.7,13500260,59641791,10064746,59701,10074,5.93,neuron_1k_v3
80000000,999,726.6,13500260,59641791,10064746,59701,10074,5.93,neuron_1k_v3
80000000,999,646.0,13500260,59641791,10064746,59701,10074,5.93,neuron_1k_v3
80000000,999,575.8,13500260,59641791,10064746,59701,10074,5.93,neuron_1k_v3
80000000,999,622.6,13500260,59641791,10064746,59701,10074,5.93,neuron_1k_v3
80000000,999,579.8,13500260,59641791,10064746,59701,10074,5.93,neuron_1k_v3
80000000,999,643.2,13500260,59641791,10064746,59701,10074,5.93,neuron_1k_v3
80000000,999,613.2,13500260,59641791,10064746,59701,10074,5.93,neuron_1k_v3
80000000,999,642.0,13500260,59641791,10064746,59701,10074,5.93,neuron_1k_v3
80000000,999,687.6,13500260,59641791,10064746,59701,10074,5.93,neuron_1k_v3
80000000,999,630.0,13500260,59641791,10064746,59701,10074,5.93,neuron_1k_v3
80000000,999,690.4,13500260,59641791,10064746,59701,10074,5.93,neuron_1k_v3
80000000,999,608.1,13500260,59641791,10064746,59701,10074,5.93,neuron_1k_v3
80000000,999,803.3,13500260,59641791,10064746,59701,10074,5.93,neuron_1k_v3
80000000,999,551.5,13500260,59641791,10064746,59701,10074,5.93,neuron_1k_v3
80000000,999,633.0,13500260,59641791,10064746,59701,10074,5.93,neuron_1k_v3
80000000,999,579.4,13500260,59641791,10064746,59701,10074,5.93,neuron_1k_v3
80000000,999,585.8,13500260,59641791,10064746,59701,10074,5.93,neuron_1k_v3
80000000,999,681.5,13500260,59641791,10064746,59701,10074,5.93,neuron_1k_v3
80000000,999,602.8,13500260,59641791,10064746,59701,10074,5.93,neuron_1k_v3
80000000,999,605.8,13500260,59641791,10064746,59701,10074,5.93,neuron_1k_v3
80000000,999,640.6,13500260,59641791,10064746,59701,10074,5.93,neuron_1k_v3
80000000,999,745.9,13500260,59641791,10064746,59701,10074,5.93,neuron_1k_v3
80000000,999,611.8,13500260,59641791,10064746,59701,10074,5.93,neuron_1k_v3
80000000,999,673.4,13500260,59641791,10064746,59701,10074,5.93,neuron_1k_v3
80000000,999,573.7,13500260,59641791,10064746,59701,10074,5.93,neuron_1k_v3
80000000,999,670.5,13500260,59641791,10064746,59701,10074,5.93,neuron_1k_v3
80000000,707,652.3,13500260,42208955,7122898,59701,10074,5.93,neuron_1k_v3
80000000,500,601.6,13500260,29850746,5037410,59701,10074,5.93,neuron_1k_v3
80000000,500,823.6,13500260,29850746,5037410,59701,10074,5.93,neuron_1k_v3
80000000,707,622.8,13500260,42208955,7122898,59701,10074,5.93,neuron_1k_v3
80000000,707,656.2,13500260,42208955,7122898,59701,10074,5.93,neuron_1k_v3
80000000,707,648.4,13500260,42208955,7122898,59701,10074,5.93,neuron_1k_v3
80000000,707,592.1,13500260,42208955,7122898,59701,10074,5.93,neuron_1k_v3
80000000,707,612.9,13500260,42208955,7122898,59701,10074,5.93,neuron_1k_v3
80000000,707,664.2,13500260,42208955,7122898,59701,10074,5.93,neuron_1k_v3
80000000,707,581.2,13500260,42208955,7122898,59701,10074,5.93,neuron_1k_v3
80000000,707,655.3,13500260,42208955,7122898,59701,10074,5.93,neuron_1k_v3
80000000,707,619.8,13500260,42208955,7122898,59701,10074,5.93,neuron_1k_v3
80000000,707,696.0,13500260,42208955,7122898,59701,10074,5.93,neuron_1k_v3
80000000,707,614.2,13500260,42208955,7122898,59701,10074,5.93,neuron_1k_v3
80000000,707,565.7,13500260,42208955,7122898,59701,10074,5.93,neuron_1k_v3
80000000,707,607.6,13500260,42208955,7122898,59701,10074,5.93,neuron_1k_v3
80000000,707,741.7,13500260,42208955,7122898,59701,10074,5.93,neuron_1k_v3
80000000,707,635.6,13500260,42208955,7122898,59701,10074,5.93,neuron_1k_v3
80000000,707,692.5,13500260,42208955,7122898,59701,10074,5.93,neuron_1k_v3
80000000,707,598.2,13500260,42208955,7122898,59701,10074,5.93,neuron_1k_v3
80000000,707,639.0,13500260,42208955,7122898,59701,10074,5.93,neuron_1k_v3
80000000,707,573.8,13500260,42208955,7122898,59701,10074,5.93,neuron_1k_v3
80000000,707,788.6,13500260,42208955,7122898,59701,10074,5.93,neuron_1k_v3
80000000,707,661.4,13500260,42208955,7122898,59701,10074,5.93,neuron_1k_v3
80000000,707,711.8,13500260,42208955,7122898,59701,10074,5.93,neuron_1k_v3
80000000,707,641.5,13500260,42208955,7122898,59701,10074,5.93,neuron_1k_v3
80000000,707,594.9,13500260,42208955,7122898,59701,10074,5.93,neuron_1k_v3
80000000,707,642.1,13500260,42208955,7122898,59701,10074,5.93,neuron_1k_v3
80000000,707,636.6,13500260,42208955,7122898,59701,10074,5.93,neuron_1k_v3
80000000,707,635.4,13500260,42208955,7122898,59701,10074,5.93,neuron_1k_v3
80000000,999,600.8,13500260,59641791,10064746,59701,10074,5.93,neuron_1k_v3
80000000,707,634.5,13500260,42208955,7122898,59701,10074,5.93,neuron_1k_v3
80000000,500,569.6,13500260,29850746,5037410,59701,10074,5.93,neuron_1k_v3
80000000,500,553.0,13500260,29850746,5037410,59701,10074,5.93,neuron_1k_v3
80000000,500,613.2,13500260,29850746,5037410,59701,10074,5.93,neuron_1k_v3
80000000,500,761.2,13500260,29850746,5037410,59701,10074,5.93,neuron_1k_v3
80000000,500,684.9,13500260,29850746,5037410,59701,10074,5.93,neuron_1k_v3
80000000,500,727.3,13500260,29850746,5037410,59701,10074,5.93,neuron_1k_v3
80000000,500,626.9,13500260,29850746,5037410,59701,10074,5.93,neuron_1k_v3
80000000,500,787.2,13500260,29850746,5037410,59701,10074,5.93,neuron_1k_v3
80000000,500,614.3,13500260,29850746,5037410,59701,10074,5.93,neuron_1k_v3
80000000,500,644.9,13500260,29850746,5037410,59701,10074,5.93,neuron_1k_v3
80000000,500,737.6,13500260,29850746,5037410,59701,10074,5.93,neuron_1k_v3
80000000,500,629.6,13500260,29850746,5037410,59701,10074,5.93,neuron_1k_v3
80000000,500,649.0,13500260,29850746,5037410,59701,10074,5.93,neuron_1k_v3
80000000,500,665.7,13500260,29850746,5037410,59701,10074,5.93,neuron_1k_v3
80000000,500,676.8,13500260,29850746,5037410,59701,10074,5.93,neuron_1k_v3
80000000,500,699.7,13500260,29850746,5037410,59701,10074,5.93,neuron_1k_v3
80000000,500,636.6,13500260,29850746,5037410,59701,10074,5.93,neuron_1k_v3
80000000,500,625.9,13500260,29850746,5037410,59701,10074,5.93,neuron_1k_v3
80000000,500,722.1,13500260,29850746,5037410,59701,10074,5.93,neuron_1k_v3
80000000,500,602.6,13500260,29850746,5037410,59701,10074,5.93,neuron_1k_v3
80000000,500,750.1,13500260,29850746,5037410,59701,10074,5.93,neuron_1k_v3
80000000,500,682.8,13500260,29850746,5037410,59701,10074,5.93,neuron_1k_v3
80000000,500,727.8,13500260,29850746,5037410,59701,10074,5.93,neuron_1k_v3
80000000,500,565.6,13500260,29850746,5037410,59701,10074,5.93,neuron_1k_v3
80000000,500,668.3,13500260,29850746,5037410,59701,10074,5.93,neuron_1k_v3
80000000,500,627.4,13500260,29850746,5037410,59701,10074,5.93,neuron_1k_v3
80000000,500,752.8,13500260,29850746,5037410,59701,10074,5.93,neuron_1k_v3
80000000,500,564.4,13500260,29850746,5037410,59701,10074,5.93,neuron_1k_v3
80000000,999,715.7,13500260,59641791,10064746,59701,10074,5.93,neuron_1k_v3
